"id","grupo","nombre_es","nombre_en","keyword_es","keyword_en","intencion","volumen_o_senal_demanda","evidencia_demanda","competencia_seo","competidores_con_landing_especifica","calidad_media_landings","valor_comercial_potencial","relacion_solicitudes_reales","relacion_capacidad_ibercarga","riesgo_canibalizacion","potencial_internacional","facilidad_produccion","puntuacion_0_100","prioridad","recomendacion","estado_actual","tipo_evidencia","fuentes"
"1","Pilar","Transporte especial","Special transport","transporte especial","special transport","Comercial / transaccional B2B","Señal cualitativa alta; volumen: Sin dato verificado","SERP y autocompletado revisados; sin métrica cuantitativa verificable","Competida","≥5 en la muestra revisada","Media-alta en muestra","Alto por complejidad y valor de proyecto; inferencia","Sin dato verificado","Alta: servicio ya publicado por Ibercarga","Bajo","Sí; inferencia basada en terminología y oferta europea","Alta","88","P1","Construir/optimizar primero como par ES/EN con intención y alcance diferenciados","Ruta ES existente","Inferencia estratégica salvo campos marcados como verificados","https://www.google.com/search?q=transporte+especial+España | https://www.google.com/search?q=heavy+haul+transport+Europe | https://road-safety.transport.ec.europa.eu/eu-road-safety-policy/priorities/safe-vehicles/cargo-securing-and-abnormal-loads_en"
"2","Pilar","Transporte sobredimensionado","Oversized load transport","transporte sobredimensionado","oversized load transport","Comercial / transaccional B2B","Señal cualitativa alta; volumen: Sin dato verificado","SERP y autocompletado revisados; sin métrica cuantitativa verificable","Competida","≥5 en la muestra revisada","Media-alta en muestra","Alto por complejidad y valor de proyecto; inferencia","Sin dato verificado","Alta: servicio ya publicado por Ibercarga","Bajo","Sí; inferencia basada en terminología y oferta europea","Alta","86","P1","Construir/optimizar primero como par ES/EN con intención y alcance diferenciados","Ruta ES existente","Inferencia estratégica salvo campos marcados como verificados","https://www.google.com/search?q=transporte+especial+España | https://www.google.com/search?q=heavy+haul+transport+Europe | https://road-safety.transport.ec.europa.eu/eu-road-safety-policy/priorities/safe-vehicles/cargo-securing-and-abnormal-loads_en"
"3","Pilar","Transporte pesado","Heavy haul transport","transporte pesado","heavy haul transport","Comercial / transaccional B2B","Señal cualitativa limitada; volumen: Sin dato verificado","SERP y autocompletado revisados; sin métrica cuantitativa verificable","Moderadamente atendida","1–4 en la muestra revisada","Variable / Sin dato cuantitativo","Alto por complejidad y valor de proyecto; inferencia","Sin dato verificado","Media: adyacente; validar capacidad operativa antes de publicar","Alto","Sí; inferencia basada en terminología y oferta europea","Media","58","P3","Reservar; validar demanda y leads antes de redactar","Oportunidad propuesta","Inferencia estratégica salvo campos marcados como verificados","https://www.google.com/search?q=transporte+especial+España | https://www.google.com/search?q=heavy+haul+transport+Europe | https://road-safety.transport.ec.europa.eu/eu-road-safety-policy/priorities/safe-vehicles/cargo-securing-and-abnormal-loads_en"
"4","Pilar","Transporte industrial","Industrial transport","transporte industrial","industrial transport","Comercial / transaccional B2B","Señal cualitativa alta; volumen: Sin dato verificado","SERP y autocompletado revisados; sin métrica cuantitativa verificable","Competida","≥5 en la muestra revisada","Media-alta en muestra","Alto por complejidad y valor de proyecto; inferencia","Sin dato verificado","Alta: servicio ya publicado por Ibercarga","Bajo","Sí; inferencia basada en terminología y oferta europea","Alta","80","P1","Construir/optimizar primero como par ES/EN con intención y alcance diferenciados","Ruta ES existente","Inferencia estratégica salvo campos marcados como verificados","https://www.google.com/search?q=transporte+especial+España | https://www.google.com/search?q=heavy+haul+transport+Europe | https://road-safety.transport.ec.europa.eu/eu-road-safety-policy/priorities/safe-vehicles/cargo-securing-and-abnormal-loads_en"
"5","Pilar","Transporte especial internacional","International special transport","transporte especial internacional","international special transport","Comercial / transaccional B2B","Señal cualitativa alta; volumen: Sin dato verificado","SERP y autocompletado revisados; sin métrica cuantitativa verificable","Moderadamente atendida","1–4 en la muestra revisada","Variable / Sin dato cuantitativo","Alto por complejidad y valor de proyecto; inferencia","Sin dato verificado","Media: adyacente; validar capacidad operativa antes de publicar","Bajo","Sí; inferencia basada en terminología y oferta europea","Media","71","P2","Desarrollar tras validar capacidad y evitar solapamiento semántico","Oportunidad propuesta","Inferencia estratégica salvo campos marcados como verificados","https://www.google.com/search?q=transporte+especial+España | https://www.google.com/search?q=heavy+haul+transport+Europe | https://road-safety.transport.ec.europa.eu/eu-road-safety-policy/priorities/safe-vehicles/cargo-securing-and-abnormal-loads_en"
"6","Pilar","Project cargo","Project cargo logistics","project cargo España","project cargo logistics Europe","Comercial / transaccional B2B","Señal cualitativa alta; volumen: Sin dato verificado","SERP y autocompletado revisados; sin métrica cuantitativa verificable","Moderadamente atendida","1–4 en la muestra revisada","Variable / Sin dato cuantitativo","Alto por complejidad y valor de proyecto; inferencia","Sin dato verificado","Media: adyacente; validar capacidad operativa antes de publicar","Bajo","Sí; inferencia basada en terminología y oferta europea","Media","74","P1","Construir/optimizar primero como par ES/EN con intención y alcance diferenciados","Oportunidad propuesta","Inferencia estratégica salvo campos marcados como verificados","https://www.google.com/search?q=transporte+especial+España | https://www.google.com/search?q=heavy+haul+transport+Europe | https://road-safety.transport.ec.europa.eu/eu-road-safety-policy/priorities/safe-vehicles/cargo-securing-and-abnormal-loads_en"
"7","Pilar","Logística de proyectos","Project logistics","logística de proyectos industriales","project logistics","Comercial / transaccional B2B","Señal cualitativa alta; volumen: Sin dato verificado","SERP y autocompletado revisados; sin métrica cuantitativa verificable","Moderadamente atendida","1–4 en la muestra revisada","Variable / Sin dato cuantitativo","Alto por complejidad y valor de proyecto; inferencia","Sin dato verificado","Media: adyacente; validar capacidad operativa antes de publicar","Alto","Sí; inferencia basada en terminología y oferta europea","Media","69","P2","Desarrollar tras validar capacidad y evitar solapamiento semántico","Oportunidad propuesta","Inferencia estratégica salvo campos marcados como verificados","https://www.google.com/search?q=transporte+especial+España | https://www.google.com/search?q=heavy+haul+transport+Europe | https://road-safety.transport.ec.europa.eu/eu-road-safety-policy/priorities/safe-vehicles/cargo-securing-and-abnormal-loads_en"
"8","Pilar","Transporte de cargas indivisibles","Indivisible load transport","transporte cargas indivisibles","indivisible load transport","Comercial / transaccional B2B","Señal cualitativa limitada; volumen: Sin dato verificado","SERP y autocompletado revisados; sin métrica cuantitativa verificable","Moderadamente atendida","1–4 en la muestra revisada","Variable / Sin dato cuantitativo","Alto por complejidad y valor de proyecto; inferencia","Sin dato verificado","Media: adyacente; validar capacidad operativa antes de publicar","Alto","Sí; inferencia basada en terminología y oferta europea","Media","53","P3","Reservar; validar demanda y leads antes de redactar","Oportunidad propuesta","Inferencia estratégica salvo campos marcados como verificados","https://www.google.com/search?q=transporte+especial+España | https://www.google.com/search?q=heavy+haul+transport+Europe | https://road-safety.transport.ec.europa.eu/eu-road-safety-policy/priorities/safe-vehicles/cargo-securing-and-abnormal-loads_en"
"9","Pilar","Transporte fuera de gálibo","Out-of-gauge transport","transporte fuera de gálibo","out of gauge transport","Comercial / transaccional B2B","Señal cualitativa limitada; volumen: Sin dato verificado","SERP y autocompletado revisados; sin métrica cuantitativa verificable","Moderadamente atendida","1–4 en la muestra revisada","Variable / Sin dato cuantitativo","Alto por complejidad y valor de proyecto; inferencia","Sin dato verificado","Media: adyacente; validar capacidad operativa antes de publicar","Alto","Sí; inferencia basada en terminología y oferta europea","Media","52","P3","Reservar; validar demanda y leads antes de redactar","Oportunidad propuesta","Inferencia estratégica salvo campos marcados como verificados","https://www.google.com/search?q=transporte+especial+España | https://www.google.com/search?q=heavy+haul+transport+Europe | https://road-safety.transport.ec.europa.eu/eu-road-safety-policy/priorities/safe-vehicles/cargo-securing-and-abnormal-loads_en"
"10","Pilar","Transporte especial urgente","Urgent special transport","transporte especial urgente","urgent special transport","Comercial / transaccional B2B","Señal cualitativa media; volumen: Sin dato verificado","SERP y autocompletado revisados; sin métrica cuantitativa verificable","Moderadamente atendida","1–4 en la muestra revisada","Variable / Sin dato cuantitativo","Alto por complejidad y valor de proyecto; inferencia","Sin dato verificado","Media: adyacente; validar capacidad operativa antes de publicar","Bajo","Sí; inferencia basada en terminología y oferta europea","Media","60","P2","Desarrollar tras validar capacidad y evitar solapamiento semántico","Oportunidad propuesta","Inferencia estratégica salvo campos marcados como verificados","https://www.google.com/search?q=transporte+especial+España | https://www.google.com/search?q=heavy+haul+transport+Europe | https://road-safety.transport.ec.europa.eu/eu-road-safety-policy/priorities/safe-vehicles/cargo-securing-and-abnormal-loads_en"
"11","Carga","Transporte de transformadores","Transformer transport","transporte de transformadores","transformer transport","Comercial / transaccional B2B","Señal cualitativa alta; volumen: Sin dato verificado","SERP y autocompletado revisados; sin métrica cuantitativa verificable","Moderadamente atendida","1–4 en la muestra revisada","Variable / Sin dato cuantitativo","Alto por complejidad y valor de proyecto; inferencia","Sin dato verificado","Alta: servicio ya publicado por Ibercarga","Bajo","Sí; inferencia basada en terminología y oferta europea","Alta","83","P1","Construir/optimizar primero como par ES/EN con intención y alcance diferenciados","Ruta ES existente","Inferencia estratégica salvo campos marcados como verificados","https://www.google.com/search?q=transporte+especial+España | https://www.google.com/search?q=heavy+haul+transport+Europe"
"12","Carga","Transporte de maquinaria pesada","Heavy machinery transport","transporte maquinaria pesada","heavy machinery transport","Comercial / transaccional B2B","Señal cualitativa alta; volumen: Sin dato verificado","SERP y autocompletado revisados; sin métrica cuantitativa verificable","Competida","≥5 en la muestra revisada","Media-alta en muestra","Alto por complejidad y valor de proyecto; inferencia","Sin dato verificado","Media: adyacente; validar capacidad operativa antes de publicar","Bajo","Sí; inferencia basada en terminología y oferta europea","Media","84","P1","Construir/optimizar primero como par ES/EN con intención y alcance diferenciados","Oportunidad propuesta","Inferencia estratégica salvo campos marcados como verificados","https://www.google.com/search?q=transporte+especial+España | https://www.google.com/search?q=heavy+haul+transport+Europe"
"13","Carga","Transporte de maquinaria industrial","Industrial machinery transport","transporte maquinaria industrial","industrial machinery transport","Comercial / transaccional B2B","Señal cualitativa limitada; volumen: Sin dato verificado","SERP y autocompletado revisados; sin métrica cuantitativa verificable","Moderadamente atendida","1–4 en la muestra revisada","Variable / Sin dato cuantitativo","Alto por complejidad y valor de proyecto; inferencia","Sin dato verificado","Media: adyacente; validar capacidad operativa antes de publicar","Bajo","Sí; inferencia basada en terminología y oferta europea","Media","53","P3","Reservar; validar demanda y leads antes de redactar","Oportunidad propuesta","Inferencia estratégica salvo campos marcados como verificados","https://www.google.com/search?q=transporte+especial+España | https://www.google.com/search?q=heavy+haul+transport+Europe"
"14","Carga","Transporte de estructuras metálicas","Steel structure transport","transporte estructuras metálicas","steel structure transport","Comercial / transaccional B2B","Señal cualitativa alta; volumen: Sin dato verificado","SERP y autocompletado revisados; sin métrica cuantitativa verificable","Moderadamente atendida","1–4 en la muestra revisada","Variable / Sin dato cuantitativo","Alto por complejidad y valor de proyecto; inferencia","Sin dato verificado","Media: adyacente; validar capacidad operativa antes de publicar","Bajo","Sí; inferencia basada en terminología y oferta europea","Media","70","P2","Desarrollar tras validar capacidad y evitar solapamiento semántico","Oportunidad propuesta","Inferencia estratégica salvo campos marcados como verificados","https://www.google.com/search?q=transporte+especial+España | https://www.google.com/search?q=heavy+haul+transport+Europe"
"15","Carga","Transporte de módulos industriales","Industrial module transport","transporte módulos industriales","industrial module transport","Comercial / transaccional B2B","Señal cualitativa limitada; volumen: Sin dato verificado","SERP y autocompletado revisados; sin métrica cuantitativa verificable","Moderadamente atendida","1–4 en la muestra revisada","Variable / Sin dato cuantitativo","Alto por complejidad y valor de proyecto; inferencia","Sin dato verificado","Media: adyacente; validar capacidad operativa antes de publicar","Bajo","Sí; inferencia basada en terminología y oferta europea","Media","51","P3","Reservar; validar demanda y leads antes de redactar","Oportunidad propuesta","Inferencia estratégica salvo campos marcados como verificados","https://www.google.com/search?q=transporte+especial+España | https://www.google.com/search?q=heavy+haul+transport+Europe"
"16","Carga","Transporte de depósitos industriales","Industrial tank transport","transporte depósitos industriales","industrial tank transport","Comercial / transaccional B2B","Señal cualitativa limitada; volumen: Sin dato verificado","SERP y autocompletado revisados; sin métrica cuantitativa verificable","Moderadamente atendida","1–4 en la muestra revisada","Variable / Sin dato cuantitativo","Alto por complejidad y valor de proyecto; inferencia","Sin dato verificado","Media: adyacente; validar capacidad operativa antes de publicar","Bajo","Sí; inferencia basada en terminología y oferta europea","Media","50","P3","Reservar; validar demanda y leads antes de redactar","Oportunidad propuesta","Inferencia estratégica salvo campos marcados como verificados","https://www.google.com/search?q=transporte+especial+España | https://www.google.com/search?q=heavy+haul+transport+Europe"
"17","Carga","Transporte de reactores industriales","Industrial reactor transport","transporte reactores industriales","industrial reactor transport","Comercial / transaccional B2B","Señal cualitativa limitada; volumen: Sin dato verificado","SERP y autocompletado revisados; sin métrica cuantitativa verificable","Moderadamente atendida","1–4 en la muestra revisada","Variable / Sin dato cuantitativo","Alto por complejidad y valor de proyecto; inferencia","Sin dato verificado","Media: adyacente; validar capacidad operativa antes de publicar","Bajo","Sí; inferencia basada en terminología y oferta europea","Media","49","P3","Reservar; validar demanda y leads antes de redactar","Oportunidad propuesta","Inferencia estratégica salvo campos marcados como verificados","https://www.google.com/search?q=transporte+especial+España | https://www.google.com/search?q=heavy+haul+transport+Europe"
"18","Carga","Transporte de intercambiadores de calor","Heat exchanger transport","transporte intercambiadores calor","heat exchanger transport","Comercial / transaccional B2B","Señal cualitativa limitada; volumen: Sin dato verificado","SERP y autocompletado revisados; sin métrica cuantitativa verificable","Moderadamente atendida","1–4 en la muestra revisada","Variable / Sin dato cuantitativo","Alto por complejidad y valor de proyecto; inferencia","Sin dato verificado","Media: adyacente; validar capacidad operativa antes de publicar","Bajo","Sí; inferencia basada en terminología y oferta europea","Media","48","P3","Reservar; validar demanda y leads antes de redactar","Oportunidad propuesta","Inferencia estratégica salvo campos marcados como verificados","https://www.google.com/search?q=transporte+especial+España | https://www.google.com/search?q=heavy+haul+transport+Europe"
"19","Carga","Transporte de calderas industriales","Industrial boiler transport","transporte calderas industriales","industrial boiler transport","Comercial / transaccional B2B","Señal cualitativa limitada; volumen: Sin dato verificado","SERP y autocompletado revisados; sin métrica cuantitativa verificable","Moderadamente atendida","1–4 en la muestra revisada","Variable / Sin dato cuantitativo","Alto por complejidad y valor de proyecto; inferencia","Sin dato verificado","Media: adyacente; validar capacidad operativa antes de publicar","Bajo","Sí; inferencia basada en terminología y oferta europea","Media","56","P3","Reservar; validar demanda y leads antes de redactar","Oportunidad propuesta","Inferencia estratégica salvo campos marcados como verificados","https://www.google.com/search?q=transporte+especial+España | https://www.google.com/search?q=heavy+haul+transport+Europe"
"20","Carga","Transporte de generadores","Generator transport","transporte generadores industriales","generator transport","Comercial / transaccional B2B","Señal cualitativa limitada; volumen: Sin dato verificado","SERP y autocompletado revisados; sin métrica cuantitativa verificable","Moderadamente atendida","1–4 en la muestra revisada","Variable / Sin dato cuantitativo","Alto por complejidad y valor de proyecto; inferencia","Sin dato verificado","Media: adyacente; validar capacidad operativa antes de publicar","Bajo","Sí; inferencia basada en terminología y oferta europea","Media","55","P3","Reservar; validar demanda y leads antes de redactar","Oportunidad propuesta","Inferencia estratégica salvo campos marcados como verificados","https://www.google.com/search?q=transporte+especial+España | https://www.google.com/search?q=heavy+haul+transport+Europe"
"21","Carga","Transporte de turbinas","Turbine transport","transporte turbinas","turbine transport","Comercial / transaccional B2B","Señal cualitativa limitada; volumen: Sin dato verificado","SERP y autocompletado revisados; sin métrica cuantitativa verificable","Moderadamente atendida","1–4 en la muestra revisada","Variable / Sin dato cuantitativo","Alto por complejidad y valor de proyecto; inferencia","Sin dato verificado","Media: adyacente; validar capacidad operativa antes de publicar","Bajo","Sí; inferencia basada en terminología y oferta europea","Media","54","P3","Reservar; validar demanda y leads antes de redactar","Oportunidad propuesta","Inferencia estratégica salvo campos marcados como verificados","https://www.google.com/search?q=transporte+especial+España | https://www.google.com/search?q=heavy+haul+transport+Europe"
"22","Carga","Transporte de grúas","Crane transport","transporte de grúas","crane transport","Comercial / transaccional B2B","Señal cualitativa limitada; volumen: Sin dato verificado","SERP y autocompletado revisados; sin métrica cuantitativa verificable","Moderadamente atendida","1–4 en la muestra revisada","Variable / Sin dato cuantitativo","Alto por complejidad y valor de proyecto; inferencia","Sin dato verificado","Media: adyacente; validar capacidad operativa antes de publicar","Bajo","Sí; inferencia basada en terminología y oferta europea","Media","53","P3","Reservar; validar demanda y leads antes de redactar","Oportunidad propuesta","Inferencia estratégica salvo campos marcados como verificados","https://www.google.com/search?q=transporte+especial+España | https://www.google.com/search?q=heavy+haul+transport+Europe"
"23","Carga","Transporte de equipos mineros","Mining equipment transport","transporte equipos mineros","mining equipment transport","Comercial / transaccional B2B","Señal cualitativa limitada; volumen: Sin dato verificado","SERP y autocompletado revisados; sin métrica cuantitativa verificable","Moderadamente atendida","1–4 en la muestra revisada","Variable / Sin dato cuantitativo","Alto por complejidad y valor de proyecto; inferencia","Sin dato verificado","Media: adyacente; validar capacidad operativa antes de publicar","Bajo","Sí; inferencia basada en terminología y oferta europea","Media","52","P3","Reservar; validar demanda y leads antes de redactar","Oportunidad propuesta","Inferencia estratégica salvo campos marcados como verificados","https://www.google.com/search?q=transporte+especial+España | https://www.google.com/search?q=heavy+haul+transport+Europe"
"24","Carga","Transporte de equipos portuarios","Port equipment transport","transporte equipos portuarios","port equipment transport","Comercial / transaccional B2B","Señal cualitativa limitada; volumen: Sin dato verificado","SERP y autocompletado revisados; sin métrica cuantitativa verificable","Moderadamente atendida","1–4 en la muestra revisada","Variable / Sin dato cuantitativo","Alto por complejidad y valor de proyecto; inferencia","Sin dato verificado","Media: adyacente; validar capacidad operativa antes de publicar","Bajo","Sí; inferencia basada en terminología y oferta europea","Media","51","P3","Reservar; validar demanda y leads antes de redactar","Oportunidad propuesta","Inferencia estratégica salvo campos marcados como verificados","https://www.google.com/search?q=transporte+especial+España | https://www.google.com/search?q=heavy+haul+transport+Europe"
"25","Carga","Transporte de prefabricados de hormigón","Precast concrete transport","transporte prefabricados hormigón","precast concrete transport","Comercial / transaccional B2B","Señal cualitativa alta; volumen: Sin dato verificado","SERP y autocompletado revisados; sin métrica cuantitativa verificable","Moderadamente atendida","1–4 en la muestra revisada","Variable / Sin dato cuantitativo","Alto por complejidad y valor de proyecto; inferencia","Sin dato verificado","Alta: servicio ya publicado por Ibercarga","Bajo","Sí; inferencia basada en terminología y oferta europea","Alta","76","P1","Construir/optimizar primero como par ES/EN con intención y alcance diferenciados","Ruta ES existente","Inferencia estratégica salvo campos marcados como verificados","https://www.google.com/search?q=transporte+especial+España | https://www.google.com/search?q=heavy+haul+transport+Europe"
"26","Carga","Transporte de vigas prefabricadas","Precast beam transport","transporte vigas prefabricadas","precast beam transport","Comercial / transaccional B2B","Señal cualitativa limitada; volumen: Sin dato verificado","SERP y autocompletado revisados; sin métrica cuantitativa verificable","Moderadamente atendida","1–4 en la muestra revisada","Variable / Sin dato cuantitativo","Alto por complejidad y valor de proyecto; inferencia","Sin dato verificado","Media: adyacente; validar capacidad operativa antes de publicar","Bajo","Sí; inferencia basada en terminología y oferta europea","Media","49","P3","Reservar; validar demanda y leads antes de redactar","Oportunidad propuesta","Inferencia estratégica salvo campos marcados como verificados","https://www.google.com/search?q=transporte+especial+España | https://www.google.com/search?q=heavy+haul+transport+Europe"
"27","Carga","Transporte de dovelas","Tunnel segment transport","transporte dovelas","tunnel segment transport","Comercial / transaccional B2B","Señal cualitativa limitada; volumen: Sin dato verificado","SERP y autocompletado revisados; sin métrica cuantitativa verificable","Moderadamente atendida","1–4 en la muestra revisada","Variable / Sin dato cuantitativo","Alto por complejidad y valor de proyecto; inferencia","Sin dato verificado","Media: adyacente; validar capacidad operativa antes de publicar","Bajo","Sí; inferencia basada en terminología y oferta europea","Media","48","P3","Reservar; validar demanda y leads antes de redactar","Oportunidad propuesta","Inferencia estratégica salvo campos marcados como verificados","https://www.google.com/search?q=transporte+especial+España | https://www.google.com/search?q=heavy+haul+transport+Europe"
"28","Carga","Transporte de pilotes","Pile transport","transporte pilotes","precast pile transport","Comercial / transaccional B2B","Señal cualitativa limitada; volumen: Sin dato verificado","SERP y autocompletado revisados; sin métrica cuantitativa verificable","Moderadamente atendida","1–4 en la muestra revisada","Variable / Sin dato cuantitativo","Alto por complejidad y valor de proyecto; inferencia","Sin dato verificado","Media: adyacente; validar capacidad operativa antes de publicar","Bajo","Sí; inferencia basada en terminología y oferta europea","Media","56","P3","Reservar; validar demanda y leads antes de redactar","Oportunidad propuesta","Inferencia estratégica salvo campos marcados como verificados","https://www.google.com/search?q=transporte+especial+España | https://www.google.com/search?q=heavy+haul+transport+Europe"
"29","Carga","Transporte eólico","Wind turbine transport","transporte eólico","wind turbine transport","Comercial / transaccional B2B","Señal cualitativa alta; volumen: Sin dato verificado","SERP y autocompletado revisados; sin métrica cuantitativa verificable","Moderadamente atendida","1–4 en la muestra revisada","Variable / Sin dato cuantitativo","Alto por complejidad y valor de proyecto; inferencia","Sin dato verificado","Alta: servicio ya publicado por Ibercarga","Bajo","Sí; inferencia basada en terminología y oferta europea","Alta","81","P1","Construir/optimizar primero como par ES/EN con intención y alcance diferenciados","Ruta ES existente","Inferencia estratégica salvo campos marcados como verificados","https://www.google.com/search?q=transporte+especial+España | https://www.google.com/search?q=heavy+haul+transport+Europe"
"30","Carga","Transporte de palas eólicas","Wind turbine blade transport","transporte palas eólicas","wind turbine blade transport","Comercial / transaccional B2B","Señal cualitativa alta; volumen: Sin dato verificado","SERP y autocompletado revisados; sin métrica cuantitativa verificable","Moderadamente atendida","1–4 en la muestra revisada","Variable / Sin dato cuantitativo","Alto por complejidad y valor de proyecto; inferencia","Sin dato verificado","Media: adyacente; validar capacidad operativa antes de publicar","Bajo","Sí; inferencia basada en terminología y oferta europea","Media","68","P2","Desarrollar tras validar capacidad y evitar solapamiento semántico","Oportunidad propuesta","Inferencia estratégica salvo campos marcados como verificados","https://www.google.com/search?q=transporte+especial+España | https://www.google.com/search?q=heavy+haul+transport+Europe"
"31","Carga","Transporte de torres eólicas","Wind tower section transport","transporte torres eólicas","wind tower section transport","Comercial / transaccional B2B","Señal cualitativa limitada; volumen: Sin dato verificado","SERP y autocompletado revisados; sin métrica cuantitativa verificable","Moderadamente atendida","1–4 en la muestra revisada","Variable / Sin dato cuantitativo","Alto por complejidad y valor de proyecto; inferencia","Sin dato verificado","Media: adyacente; validar capacidad operativa antes de publicar","Bajo","Sí; inferencia basada en terminología y oferta europea","Media","53","P3","Reservar; validar demanda y leads antes de redactar","Oportunidad propuesta","Inferencia estratégica salvo campos marcados como verificados","https://www.google.com/search?q=transporte+especial+España | https://www.google.com/search?q=heavy+haul+transport+Europe"
"32","Carga","Transporte de nacelles","Nacelle transport","transporte nacelles","wind turbine nacelle transport","Comercial / transaccional B2B","Señal cualitativa limitada; volumen: Sin dato verificado","SERP y autocompletado revisados; sin métrica cuantitativa verificable","Moderadamente atendida","1–4 en la muestra revisada","Variable / Sin dato cuantitativo","Alto por complejidad y valor de proyecto; inferencia","Sin dato verificado","Media: adyacente; validar capacidad operativa antes de publicar","Bajo","Sí; inferencia basada en terminología y oferta europea","Media","52","P3","Reservar; validar demanda y leads antes de redactar","Oportunidad propuesta","Inferencia estratégica salvo campos marcados como verificados","https://www.google.com/search?q=transporte+especial+España | https://www.google.com/search?q=heavy+haul+transport+Europe"
"33","Carga","Transporte de recipientes a presión","Pressure vessel transport","transporte recipientes presión","pressure vessel transport","Comercial / transaccional B2B","Señal cualitativa limitada; volumen: Sin dato verificado","SERP y autocompletado revisados; sin métrica cuantitativa verificable","Moderadamente atendida","1–4 en la muestra revisada","Variable / Sin dato cuantitativo","Alto por complejidad y valor de proyecto; inferencia","Sin dato verificado","Media: adyacente; validar capacidad operativa antes de publicar","Bajo","Sí; inferencia basada en terminología y oferta europea","Media","51","P3","Reservar; validar demanda y leads antes de redactar","Oportunidad propuesta","Inferencia estratégica salvo campos marcados como verificados","https://www.google.com/search?q=transporte+especial+España | https://www.google.com/search?q=heavy+haul+transport+Europe"
"34","Carga","Transporte de secciones de puente","Bridge section transport","transporte secciones puente","bridge section transport","Comercial / transaccional B2B","Señal cualitativa limitada; volumen: Sin dato verificado","SERP y autocompletado revisados; sin métrica cuantitativa verificable","Moderadamente atendida","1–4 en la muestra revisada","Variable / Sin dato cuantitativo","Alto por complejidad y valor de proyecto; inferencia","Sin dato verificado","Media: adyacente; validar capacidad operativa antes de publicar","Bajo","Sí; inferencia basada en terminología y oferta europea","Media","50","P3","Reservar; validar demanda y leads antes de redactar","Oportunidad propuesta","Inferencia estratégica salvo campos marcados como verificados","https://www.google.com/search?q=transporte+especial+España | https://www.google.com/search?q=heavy+haul+transport+Europe"
"35","Carga","Transporte de maquinaria de construcción","Construction equipment transport","transporte maquinaria construcción","construction equipment transport","Comercial / transaccional B2B","Señal cualitativa limitada; volumen: Sin dato verificado","SERP y autocompletado revisados; sin métrica cuantitativa verificable","Moderadamente atendida","1–4 en la muestra revisada","Variable / Sin dato cuantitativo","Alto por complejidad y valor de proyecto; inferencia","Sin dato verificado","Media: adyacente; validar capacidad operativa antes de publicar","Bajo","Sí; inferencia basada en terminología y oferta europea","Media","49","P3","Reservar; validar demanda y leads antes de redactar","Oportunidad propuesta","Inferencia estratégica salvo campos marcados como verificados","https://www.google.com/search?q=transporte+especial+España | https://www.google.com/search?q=heavy+haul+transport+Europe"
"36","Carga","Transporte de maquinaria agrícola","Agricultural machinery transport","transporte maquinaria agrícola especial","oversized agricultural machinery transport","Comercial / transaccional B2B","Señal cualitativa limitada; volumen: Sin dato verificado","SERP y autocompletado revisados; sin métrica cuantitativa verificable","Moderadamente atendida","1–4 en la muestra revisada","Variable / Sin dato cuantitativo","Alto por complejidad y valor de proyecto; inferencia","Sin dato verificado","Media: adyacente; validar capacidad operativa antes de publicar","Bajo","Sí; inferencia basada en terminología y oferta europea","Media","48","P3","Reservar; validar demanda y leads antes de redactar","Oportunidad propuesta","Inferencia estratégica salvo campos marcados como verificados","https://www.google.com/search?q=transporte+especial+España | https://www.google.com/search?q=heavy+haul+transport+Europe"
"37","Carga","Traslado de líneas de producción","Production line relocation","traslado líneas producción","production line relocation","Comercial / transaccional B2B","Señal cualitativa limitada; volumen: Sin dato verificado","SERP y autocompletado revisados; sin métrica cuantitativa verificable","Moderadamente atendida","1–4 en la muestra revisada","Variable / Sin dato cuantitativo","Alto por complejidad y valor de proyecto; inferencia","Sin dato verificado","Media: adyacente; validar capacidad operativa antes de publicar","Bajo","Sí; inferencia basada en terminología y oferta europea","Media","56","P3","Reservar; validar demanda y leads antes de redactar","Oportunidad propuesta","Inferencia estratégica salvo campos marcados como verificados","https://www.google.com/search?q=transporte+especial+España | https://www.google.com/search?q=heavy+haul+transport+Europe"
"38","Carga","Transporte de prensas industriales","Industrial press transport","transporte prensas industriales","industrial press transport","Comercial / transaccional B2B","Señal cualitativa limitada; volumen: Sin dato verificado","SERP y autocompletado revisados; sin métrica cuantitativa verificable","Moderadamente atendida","1–4 en la muestra revisada","Variable / Sin dato cuantitativo","Alto por complejidad y valor de proyecto; inferencia","Sin dato verificado","Media: adyacente; validar capacidad operativa antes de publicar","Bajo","Sí; inferencia basada en terminología y oferta europea","Media","55","P3","Reservar; validar demanda y leads antes de redactar","Oportunidad propuesta","Inferencia estratégica salvo campos marcados como verificados","https://www.google.com/search?q=transporte+especial+España | https://www.google.com/search?q=heavy+haul+transport+Europe"
"39","Carga","Transporte de hornos industriales","Industrial furnace transport","transporte hornos industriales","industrial furnace transport","Comercial / transaccional B2B","Señal cualitativa limitada; volumen: Sin dato verificado","SERP y autocompletado revisados; sin métrica cuantitativa verificable","Moderadamente atendida","1–4 en la muestra revisada","Variable / Sin dato cuantitativo","Alto por complejidad y valor de proyecto; inferencia","Sin dato verificado","Media: adyacente; validar capacidad operativa antes de publicar","Bajo","Sí; inferencia basada en terminología y oferta europea","Media","54","P3","Reservar; validar demanda y leads antes de redactar","Oportunidad propuesta","Inferencia estratégica salvo campos marcados como verificados","https://www.google.com/search?q=transporte+especial+España | https://www.google.com/search?q=heavy+haul+transport+Europe"
"40","Carga","Transporte de equipos ferroviarios","Rail equipment transport","transporte equipos ferroviarios","rail equipment transport","Comercial / transaccional B2B","Señal cualitativa limitada; volumen: Sin dato verificado","SERP y autocompletado revisados; sin métrica cuantitativa verificable","Moderadamente atendida","1–4 en la muestra revisada","Variable / Sin dato cuantitativo","Alto por complejidad y valor de proyecto; inferencia","Sin dato verificado","Media: adyacente; validar capacidad operativa antes de publicar","Bajo","Sí; inferencia basada en terminología y oferta europea","Media","53","P3","Reservar; validar demanda y leads antes de redactar","Oportunidad propuesta","Inferencia estratégica salvo campos marcados como verificados","https://www.google.com/search?q=transporte+especial+España | https://www.google.com/search?q=heavy+haul+transport+Europe"
"41","Sector","Transporte especial para construcción","Special transport for construction","transporte especial construcción","special transport construction","Comercial / transaccional B2B","Señal cualitativa limitada; volumen: Sin dato verificado","SERP y autocompletado revisados; sin métrica cuantitativa verificable","Sin evidencia suficiente","Sin dato verificado","Variable / Sin dato cuantitativo","Alto por complejidad y valor de proyecto; inferencia","Sin dato verificado","Hipótesis: requiere validación operativa interna","Medio","Sí; inferencia basada en terminología y oferta europea","Media","45","P4","No desarrollar todavía","Oportunidad propuesta","Inferencia estratégica salvo campos marcados como verificados","https://www.google.com/search?q=transporte+especial+España | https://www.google.com/search?q=heavy+haul+transport+Europe"
"42","Sector","Logística para prefabricado de hormigón","Precast concrete logistics","logística prefabricado hormigón","precast concrete logistics","Comercial / transaccional B2B","Señal cualitativa limitada; volumen: Sin dato verificado","SERP y autocompletado revisados; sin métrica cuantitativa verificable","Sin evidencia suficiente","Sin dato verificado","Variable / Sin dato cuantitativo","Alto por complejidad y valor de proyecto; inferencia","Sin dato verificado","Hipótesis: requiere validación operativa interna","Medio","Sí; inferencia basada en terminología y oferta europea","Media","44","P4","No desarrollar todavía","Oportunidad propuesta","Inferencia estratégica salvo campos marcados como verificados","https://www.google.com/search?q=transporte+especial+España | https://www.google.com/search?q=heavy+haul+transport+Europe"
"43","Sector","Transporte especial para energía","Special transport for energy projects","transporte especial energía","special transport energy projects","Comercial / transaccional B2B","Señal cualitativa limitada; volumen: Sin dato verificado","SERP y autocompletado revisados; sin métrica cuantitativa verificable","Sin evidencia suficiente","Sin dato verificado","Variable / Sin dato cuantitativo","Alto por complejidad y valor de proyecto; inferencia","Sin dato verificado","Hipótesis: requiere validación operativa interna","Medio","Sí; inferencia basada en terminología y oferta europea","Media","43","P4","No desarrollar todavía","Oportunidad propuesta","Inferencia estratégica salvo campos marcados como verificados","https://www.google.com/search?q=transporte+especial+España | https://www.google.com/search?q=heavy+haul+transport+Europe"
"44","Sector","Logística para proyectos eólicos","Wind project logistics","logística proyectos eólicos","wind project logistics","Comercial / transaccional B2B","Señal cualitativa limitada; volumen: Sin dato verificado","SERP y autocompletado revisados; sin métrica cuantitativa verificable","Sin evidencia suficiente","Sin dato verificado","Variable / Sin dato cuantitativo","Alto por complejidad y valor de proyecto; inferencia","Sin dato verificado","Hipótesis: requiere validación operativa interna","Medio","Sí; inferencia basada en terminología y oferta europea","Media","42","P4","No desarrollar todavía","Oportunidad propuesta","Inferencia estratégica salvo campos marcados como verificados","https://www.google.com/search?q=transporte+especial+España | https://www.google.com/search?q=heavy+haul+transport+Europe"
"45","Sector","Transporte especial para Oil & Gas","Oil and gas project transport","transporte especial oil gas","oil and gas project transport","Comercial / transaccional B2B","Señal cualitativa limitada; volumen: Sin dato verificado","SERP y autocompletado revisados; sin métrica cuantitativa verificable","Sin evidencia suficiente","Sin dato verificado","Variable / Sin dato cuantitativo","Alto por complejidad y valor de proyecto; inferencia","Sin dato verificado","Hipótesis: requiere validación operativa interna","Medio","Sí; inferencia basada en terminología y oferta europea","Media","41","P4","No desarrollar todavía","Oportunidad propuesta","Inferencia estratégica salvo campos marcados como verificados","https://www.google.com/search?q=transporte+especial+España | https://www.google.com/search?q=heavy+haul+transport+Europe"
"46","Sector","Transporte para siderurgia","Steel industry transport","transporte siderurgia","steel industry transport","Comercial / transaccional B2B","Señal cualitativa limitada; volumen: Sin dato verificado","SERP y autocompletado revisados; sin métrica cuantitativa verificable","Moderadamente atendida","1–4 en la muestra revisada","Variable / Sin dato cuantitativo","Alto por complejidad y valor de proyecto; inferencia","Sin dato verificado","Hipótesis: requiere validación operativa interna","Medio","Sí; inferencia basada en terminología y oferta europea","Media","49","P3","Reservar; validar demanda y leads antes de redactar","Oportunidad propuesta","Inferencia estratégica salvo campos marcados como verificados","https://www.google.com/search?q=transporte+especial+España | https://www.google.com/search?q=heavy+haul+transport+Europe"
"47","Sector","Transporte para industria pesada","Heavy industry transport","transporte industria pesada","heavy industry transport","Comercial / transaccional B2B","Señal cualitativa limitada; volumen: Sin dato verificado","SERP y autocompletado revisados; sin métrica cuantitativa verificable","Moderadamente atendida","1–4 en la muestra revisada","Variable / Sin dato cuantitativo","Alto por complejidad y valor de proyecto; inferencia","Sin dato verificado","Hipótesis: requiere validación operativa interna","Medio","Sí; inferencia basada en terminología y oferta europea","Media","48","P3","Reservar; validar demanda y leads antes de redactar","Oportunidad propuesta","Inferencia estratégica salvo campos marcados como verificados","https://www.google.com/search?q=transporte+especial+España | https://www.google.com/search?q=heavy+haul+transport+Europe"
"48","Sector","Logística de infraestructuras","Infrastructure project logistics","logística infraestructuras","infrastructure project logistics","Comercial / transaccional B2B","Señal cualitativa limitada; volumen: Sin dato verificado","SERP y autocompletado revisados; sin métrica cuantitativa verificable","Moderadamente atendida","1–4 en la muestra revisada","Variable / Sin dato cuantitativo","Alto por complejidad y valor de proyecto; inferencia","Sin dato verificado","Hipótesis: requiere validación operativa interna","Medio","Sí; inferencia basada en terminología y oferta europea","Media","47","P3","Reservar; validar demanda y leads antes de redactar","Oportunidad propuesta","Inferencia estratégica salvo campos marcados como verificados","https://www.google.com/search?q=transporte+especial+España | https://www.google.com/search?q=heavy+haul+transport+Europe"
"49","Sector","Transporte para data centers","Data center equipment transport","transporte equipos data center","data center equipment transport","Comercial / transaccional B2B","Señal cualitativa limitada; volumen: Sin dato verificado","SERP y autocompletado revisados; sin métrica cuantitativa verificable","Moderadamente atendida","1–4 en la muestra revisada","Variable / Sin dato cuantitativo","Alto por complejidad y valor de proyecto; inferencia","Sin dato verificado","Hipótesis: requiere validación operativa interna","Medio","Sí; inferencia basada en terminología y oferta europea","Media","46","P3","Reservar; validar demanda y leads antes de redactar","Oportunidad propuesta","Inferencia estratégica salvo campos marcados como verificados","https://www.google.com/search?q=transporte+especial+España | https://www.google.com/search?q=heavy+haul+transport+Europe"
"50","Sector","Logística para fabricación industrial","Manufacturing project logistics","logística fabricación industrial","manufacturing project logistics","Comercial / transaccional B2B","Señal cualitativa limitada; volumen: Sin dato verificado","SERP y autocompletado revisados; sin métrica cuantitativa verificable","Sin evidencia suficiente","Sin dato verificado","Variable / Sin dato cuantitativo","Alto por complejidad y valor de proyecto; inferencia","Sin dato verificado","Hipótesis: requiere validación operativa interna","Medio","Sí; inferencia basada en terminología y oferta europea","Media","45","P4","No desarrollar todavía","Oportunidad propuesta","Inferencia estratégica salvo campos marcados como verificados","https://www.google.com/search?q=transporte+especial+España | https://www.google.com/search?q=heavy+haul+transport+Europe"
"51","Sector","Logística portuaria de cargas especiales","Port project cargo logistics","logística portuaria cargas especiales","port project cargo logistics","Comercial / transaccional B2B","Señal cualitativa limitada; volumen: Sin dato verificado","SERP y autocompletado revisados; sin métrica cuantitativa verificable","Sin evidencia suficiente","Sin dato verificado","Variable / Sin dato cuantitativo","Alto por complejidad y valor de proyecto; inferencia","Sin dato verificado","Hipótesis: requiere validación operativa interna","Medio","Sí; inferencia basada en terminología y oferta europea","Media","44","P4","No desarrollar todavía","Oportunidad propuesta","Inferencia estratégica salvo campos marcados como verificados","https://www.google.com/search?q=transporte+especial+España | https://www.google.com/search?q=heavy+haul+transport+Europe"
"52","Sector","Transporte especial para minería","Mining project transport","transporte especial minería","mining project transport","Comercial / transaccional B2B","Señal cualitativa limitada; volumen: Sin dato verificado","SERP y autocompletado revisados; sin métrica cuantitativa verificable","Sin evidencia suficiente","Sin dato verificado","Variable / Sin dato cuantitativo","Alto por complejidad y valor de proyecto; inferencia","Sin dato verificado","Hipótesis: requiere validación operativa interna","Medio","Sí; inferencia basada en terminología y oferta europea","Media","43","P4","No desarrollar todavía","Oportunidad propuesta","Inferencia estratégica salvo campos marcados como verificados","https://www.google.com/search?q=transporte+especial+España | https://www.google.com/search?q=heavy+haul+transport+Europe"
"53","Técnica","Gestión de permisos especiales","Abnormal load permits","permisos transporte especial","abnormal load permits","Comercial / transaccional B2B","Señal cualitativa alta; volumen: Sin dato verificado","SERP y autocompletado revisados; sin métrica cuantitativa verificable","Moderadamente atendida","1–4 en la muestra revisada","Variable / Sin dato cuantitativo","Alto por complejidad y valor de proyecto; inferencia","Sin dato verificado","Alta: servicio ya publicado por Ibercarga","Bajo","Sí; inferencia basada en terminología y oferta europea","Alta","77","P1","Construir/optimizar primero como par ES/EN con intención y alcance diferenciados","Ruta ES existente","Inferencia estratégica salvo campos marcados como verificados","https://sede.dgt.gob.es/es/movilidad/autorizaciones-especiales-de-circulacion/ | https://road-safety.transport.ec.europa.eu/eu-road-safety-policy/priorities/safe-vehicles/cargo-securing-and-abnormal-loads_en"
"54","Técnica","Coches piloto","Pilot car services","coches piloto transporte especial","pilot car services","Comercial / transaccional B2B","Señal cualitativa alta; volumen: Sin dato verificado","SERP y autocompletado revisados; sin métrica cuantitativa verificable","Moderadamente atendida","1–4 en la muestra revisada","Variable / Sin dato cuantitativo","Alto por complejidad y valor de proyecto; inferencia","Sin dato verificado","Alta: servicio ya publicado por Ibercarga","Bajo","Sí; inferencia basada en terminología y oferta europea","Alta","72","P2","Desarrollar tras validar capacidad y evitar solapamiento semántico","Ruta ES existente","Inferencia estratégica salvo campos marcados como verificados","https://sede.dgt.gob.es/es/movilidad/autorizaciones-especiales-de-circulacion/ | https://road-safety.transport.ec.europa.eu/eu-road-safety-policy/priorities/safe-vehicles/cargo-securing-and-abnormal-loads_en"
"55","Técnica","Escoltas para transporte especial","Abnormal load escorts","escoltas transporte especial","abnormal load escorts","Comercial / transaccional B2B","Señal cualitativa limitada; volumen: Sin dato verificado","SERP y autocompletado revisados; sin métrica cuantitativa verificable","Moderadamente atendida","1–4 en la muestra revisada","Variable / Sin dato cuantitativo","Alto por complejidad y valor de proyecto; inferencia","Sin dato verificado","Hipótesis: requiere validación operativa interna","Bajo","Sí; inferencia basada en terminología y oferta europea","Media","55","P3","Reservar; validar demanda y leads antes de redactar","Oportunidad propuesta","Inferencia estratégica salvo campos marcados como verificados","https://sede.dgt.gob.es/es/movilidad/autorizaciones-especiales-de-circulacion/ | https://road-safety.transport.ec.europa.eu/eu-road-safety-policy/priorities/safe-vehicles/cargo-securing-and-abnormal-loads_en"
"56","Técnica","Estudio de ruta","Abnormal load route survey","estudio ruta transporte especial","abnormal load route survey","Comercial / transaccional B2B","Señal cualitativa alta; volumen: Sin dato verificado","SERP y autocompletado revisados; sin métrica cuantitativa verificable","Moderadamente atendida","1–4 en la muestra revisada","Variable / Sin dato cuantitativo","Alto por complejidad y valor de proyecto; inferencia","Sin dato verificado","Alta: servicio ya publicado por Ibercarga","Bajo","Sí; inferencia basada en terminología y oferta europea","Alta","79","P1","Construir/optimizar primero como par ES/EN con intención y alcance diferenciados","Ruta ES existente","Inferencia estratégica salvo campos marcados como verificados","https://sede.dgt.gob.es/es/movilidad/autorizaciones-especiales-de-circulacion/ | https://road-safety.transport.ec.europa.eu/eu-road-safety-policy/priorities/safe-vehicles/cargo-securing-and-abnormal-loads_en"
"57","Técnica","Planificación de ruta","Route planning for abnormal loads","planificación ruta transporte especial","abnormal load route planning","Comercial / transaccional B2B","Señal cualitativa limitada; volumen: Sin dato verificado","SERP y autocompletado revisados; sin métrica cuantitativa verificable","Moderadamente atendida","1–4 en la muestra revisada","Variable / Sin dato cuantitativo","Alto por complejidad y valor de proyecto; inferencia","Sin dato verificado","Hipótesis: requiere validación operativa interna","Alto","Sí; inferencia basada en terminología y oferta europea","Media","53","P3","Reservar; validar demanda y leads antes de redactar","Oportunidad propuesta","Inferencia estratégica salvo campos marcados como verificados","https://sede.dgt.gob.es/es/movilidad/autorizaciones-especiales-de-circulacion/ | https://road-safety.transport.ec.europa.eu/eu-road-safety-policy/priorities/safe-vehicles/cargo-securing-and-abnormal-loads_en"
"58","Técnica","Ingeniería de transporte","Transport engineering","ingeniería transporte especial","transport engineering","Comercial / transaccional B2B","Señal cualitativa limitada; volumen: Sin dato verificado","SERP y autocompletado revisados; sin métrica cuantitativa verificable","Moderadamente atendida","1–4 en la muestra revisada","Variable / Sin dato cuantitativo","Alto por complejidad y valor de proyecto; inferencia","Sin dato verificado","Hipótesis: requiere validación operativa interna","Bajo","Sí; inferencia basada en terminología y oferta europea","Media","52","P3","Reservar; validar demanda y leads antes de redactar","Oportunidad propuesta","Inferencia estratégica salvo campos marcados como verificados","https://sede.dgt.gob.es/es/movilidad/autorizaciones-especiales-de-circulacion/ | https://road-safety.transport.ec.europa.eu/eu-road-safety-policy/priorities/safe-vehicles/cargo-securing-and-abnormal-loads_en"
"59","Técnica","Coordinación de grúas","Crane coordination","coordinación grúas transporte","crane coordination logistics","Comercial / transaccional B2B","Señal cualitativa limitada; volumen: Sin dato verificado","SERP y autocompletado revisados; sin métrica cuantitativa verificable","Moderadamente atendida","1–4 en la muestra revisada","Variable / Sin dato cuantitativo","Alto por complejidad y valor de proyecto; inferencia","Sin dato verificado","Hipótesis: requiere validación operativa interna","Bajo","Sí; inferencia basada en terminología y oferta europea","Media","51","P3","Reservar; validar demanda y leads antes de redactar","Oportunidad propuesta","Inferencia estratégica salvo campos marcados como verificados","https://sede.dgt.gob.es/es/movilidad/autorizaciones-especiales-de-circulacion/ | https://road-safety.transport.ec.europa.eu/eu-road-safety-policy/priorities/safe-vehicles/cargo-securing-and-abnormal-loads_en"
"60","Técnica","Transporte nocturno especial","Night abnormal transport","transporte especial nocturno","night abnormal transport","Comercial / transaccional B2B","Señal cualitativa limitada; volumen: Sin dato verificado","SERP y autocompletado revisados; sin métrica cuantitativa verificable","Moderadamente atendida","1–4 en la muestra revisada","Variable / Sin dato cuantitativo","Alto por complejidad y valor de proyecto; inferencia","Sin dato verificado","Hipótesis: requiere validación operativa interna","Bajo","Sí; inferencia basada en terminología y oferta europea","Media","50","P3","Reservar; validar demanda y leads antes de redactar","Oportunidad propuesta","Inferencia estratégica salvo campos marcados como verificados","https://sede.dgt.gob.es/es/movilidad/autorizaciones-especiales-de-circulacion/ | https://road-safety.transport.ec.europa.eu/eu-road-safety-policy/priorities/safe-vehicles/cargo-securing-and-abnormal-loads_en"
"61","Técnica","Coordinación logística de proyectos","Project logistics coordination","coordinación logística proyectos","project logistics coordination","Comercial / transaccional B2B","Señal cualitativa limitada; volumen: Sin dato verificado","SERP y autocompletado revisados; sin métrica cuantitativa verificable","Moderadamente atendida","1–4 en la muestra revisada","Variable / Sin dato cuantitativo","Alto por complejidad y valor de proyecto; inferencia","Sin dato verificado","Hipótesis: requiere validación operativa interna","Alto","Sí; inferencia basada en terminología y oferta europea","Media","49","P3","Reservar; validar demanda y leads antes de redactar","Oportunidad propuesta","Inferencia estratégica salvo campos marcados como verificados","https://sede.dgt.gob.es/es/movilidad/autorizaciones-especiales-de-circulacion/ | https://road-safety.transport.ec.europa.eu/eu-road-safety-policy/priorities/safe-vehicles/cargo-securing-and-abnormal-loads_en"
"62","Técnica","Plan de amarre de carga","Cargo securing plan","plan amarre carga especial","cargo securing plan","Comercial / transaccional B2B","Señal cualitativa limitada; volumen: Sin dato verificado","SERP y autocompletado revisados; sin métrica cuantitativa verificable","Moderadamente atendida","1–4 en la muestra revisada","Variable / Sin dato cuantitativo","Alto por complejidad y valor de proyecto; inferencia","Sin dato verificado","Hipótesis: requiere validación operativa interna","Bajo","Sí; inferencia basada en terminología y oferta europea","Media","48","P3","Reservar; validar demanda y leads antes de redactar","Oportunidad propuesta","Inferencia estratégica salvo campos marcados como verificados","https://sede.dgt.gob.es/es/movilidad/autorizaciones-especiales-de-circulacion/ | https://road-safety.transport.ec.europa.eu/eu-road-safety-policy/priorities/safe-vehicles/cargo-securing-and-abnormal-loads_en"
"63","Técnica","Operaciones de carga y descarga","Load-out and load-in operations","carga descarga equipos pesados","heavy cargo load-out load-in","Comercial / transaccional B2B","Señal cualitativa limitada; volumen: Sin dato verificado","SERP y autocompletado revisados; sin métrica cuantitativa verificable","Moderadamente atendida","1–4 en la muestra revisada","Variable / Sin dato cuantitativo","Alto por complejidad y valor de proyecto; inferencia","Sin dato verificado","Hipótesis: requiere validación operativa interna","Bajo","Sí; inferencia basada en terminología y oferta europea","Media","47","P3","Reservar; validar demanda y leads antes de redactar","Oportunidad propuesta","Inferencia estratégica salvo campos marcados como verificados","https://sede.dgt.gob.es/es/movilidad/autorizaciones-especiales-de-circulacion/ | https://road-safety.transport.ec.europa.eu/eu-road-safety-policy/priorities/safe-vehicles/cargo-securing-and-abnormal-loads_en"
"64","Técnica","Posicionamiento con gatos y patines","Jacking and skidding","posicionamiento gatos patines","jacking and skidding services","Comercial / transaccional B2B","Señal cualitativa limitada; volumen: Sin dato verificado","SERP y autocompletado revisados; sin métrica cuantitativa verificable","Moderadamente atendida","1–4 en la muestra revisada","Variable / Sin dato cuantitativo","Alto por complejidad y valor de proyecto; inferencia","Sin dato verificado","Hipótesis: requiere validación operativa interna","Bajo","Sí; inferencia basada en terminología y oferta europea","Media","55","P3","Reservar; validar demanda y leads antes de redactar","Oportunidad propuesta","Inferencia estratégica salvo campos marcados como verificados","https://sede.dgt.gob.es/es/movilidad/autorizaciones-especiales-de-circulacion/ | https://road-safety.transport.ec.europa.eu/eu-road-safety-policy/priorities/safe-vehicles/cargo-securing-and-abnormal-loads_en"

